missingness_pct,accuracy,f1_score
10,0.8183254344391785,0.4549763033175355
20,0.7914691943127962,0.4
30,0.7535545023696683,0.35
40,0.6477093206951027,0.2829581993569132
